"Mode","Kind","RelativePath","Bytes","SHA256"
"direct12","generated-rtl","generated\direct12\psl27_membership_only.sv","2071","82a6e768acf9cf2e2aa248993103caa35ec2111f4a657896c5e534478bc586c6"
"direct12","generated-rtl","generated\direct12\psl27_member_class_only.sv","2382","5cd3d19df66b9310ef955b9f6bb510872fea1782caf31aef9deca3c5a08ebb15"
"direct12","generated-rtl","generated\direct12\h18_r12_comb_core.sv","91413","e559a38763ab6942aa8ad3b505855a5000a69ce2699a5689661e930b441eebdd"
"direct12","generated-rtl","generated\direct12\h18_r12_comb_controller.sv","2011","4bb22bb5e607fa058844755a4812ce52a19d0d648ca1559989a220d6bedd9e93"
"direct12","quartus-input","quartus13_cyclonev_a7\direct12\h19_direct12_cv_a7.qsf","905","b4d5d096c50789409d21a24d1f519d68d54790abdb52f6226dff3574fb5f8706"
"direct12","quartus-input","quartus13_cyclonev_a7\direct12\h19_direct12_cv_a7.sdc","57","3706f2f5fe329dc9354939bd1b8df11913846c146f2f75b66d5831ccc601c38f"
"direct12","quartus-report","quartus13_cyclonev_a7\direct12\output_files\h19_direct12_cv_a7.fit.rpt","343354","1847e4ed5a08c71074bb29e801c25168e568db5120832c07ec95263bfd2400d1"
"direct12","quartus-report","quartus13_cyclonev_a7\direct12\output_files\h19_direct12_cv_a7.map.rpt","255153","2ef980d2bf917dbd254a71b234322655e98709df55e834783125a1e9b5f35b15"
"direct12","quartus-report","quartus13_cyclonev_a7\direct12\output_files\h19_direct12_cv_a7.sta.rpt","165619","ced420ccd45d8d0ceac399186b3ff626b3df261fe9921353f4050ea8449be9f5"
"direct12","quartus-report","quartus13_cyclonev_a7\direct12\worst_path_full.rpt","135363","6747aa845a6c22d5cac3b1c8ee6ce41af59932eb9f6b0e6ebe34c12d494dcba5"
"direct12","quartus-report-optional","quartus13_cyclonev_a7\direct12\output_files\h19_direct12_cv_a7.flow.rpt","7340","bc734db8f86848aac5a96f78ee017c3a0dfe13567e746f4175e2f14d540a38bc"
"prefix19","generated-rtl","generated\prefix19\psl27_membership_only.sv","2071","82a6e768acf9cf2e2aa248993103caa35ec2111f4a657896c5e534478bc586c6"
"prefix19","generated-rtl","generated\prefix19\psl27_member_class_only.sv","2382","5cd3d19df66b9310ef955b9f6bb510872fea1782caf31aef9deca3c5a08ebb15"
"prefix19","generated-rtl","generated\prefix19\h18_r12_comb_core.sv","91230","c92937efc86f0c97fec68028f23020b96da716044a232f95e61609290082264c"
"prefix19","generated-rtl","generated\prefix19\h18_r12_comb_controller.sv","2011","4bb22bb5e607fa058844755a4812ce52a19d0d648ca1559989a220d6bedd9e93"
"prefix19","quartus-input","quartus13_cyclonev_a7\prefix19\h19_prefix19_cv_a7.qsf","905","bbbf1dee05d27e6b7acde149bf1143ce821ee7dfd344bb4238de6626eb1a4e37"
"prefix19","quartus-input","quartus13_cyclonev_a7\prefix19\h19_prefix19_cv_a7.sdc","57","3706f2f5fe329dc9354939bd1b8df11913846c146f2f75b66d5831ccc601c38f"
"prefix19","quartus-report","quartus13_cyclonev_a7\prefix19\output_files\h19_prefix19_cv_a7.fit.rpt","343354","07f941208faf17f81f6957f063bc50d7052aed59e927f0f62622a038f8744e92"
"prefix19","quartus-report","quartus13_cyclonev_a7\prefix19\output_files\h19_prefix19_cv_a7.map.rpt","255855","14a56639ad22d7c021e584238e0e027c3196e6d33e0ac9f6a0b29f868a87bf21"
"prefix19","quartus-report","quartus13_cyclonev_a7\prefix19\output_files\h19_prefix19_cv_a7.sta.rpt","165619","48a20dbcd576c2e4d1f585295e67b83b5866abe8948f56bb479514678e5684b6"
"prefix19","quartus-report","quartus13_cyclonev_a7\prefix19\worst_path_full.rpt","135363","f1e965c6c633b3b8731e7740abd03d2cb590786189cf3276bd99ff4207206654"
"prefix19","quartus-report-optional","quartus13_cyclonev_a7\prefix19\output_files\h19_prefix19_cv_a7.flow.rpt","7340","9d672b3edae5ae6783a5240aaab5d8a424f628ef4308939e1b36e675c7d572bd"
"nielsen12","generated-rtl","generated\nielsen12\psl27_membership_only.sv","2071","82a6e768acf9cf2e2aa248993103caa35ec2111f4a657896c5e534478bc586c6"
"nielsen12","generated-rtl","generated\nielsen12\psl27_member_class_only.sv","2382","5cd3d19df66b9310ef955b9f6bb510872fea1782caf31aef9deca3c5a08ebb15"
"nielsen12","generated-rtl","generated\nielsen12\h18_r12_comb_core.sv","92322","90d5129164d0407584ce1776fb8d9966a4d6fe1ae184dcf936959d9e3b57adfd"
"nielsen12","generated-rtl","generated\nielsen12\h18_r12_comb_controller.sv","2011","4bb22bb5e607fa058844755a4812ce52a19d0d648ca1559989a220d6bedd9e93"
"nielsen12","quartus-input","quartus13_cyclonev_a7\nielsen12\h19_nielsen12_cv_a7.qsf","910","5d4132419942e241af27c8ccd52c2f47b68bb892d12e32f061a72e86dd23f092"
"nielsen12","quartus-input","quartus13_cyclonev_a7\nielsen12\h19_nielsen12_cv_a7.sdc","57","3706f2f5fe329dc9354939bd1b8df11913846c146f2f75b66d5831ccc601c38f"
"nielsen12","quartus-report","quartus13_cyclonev_a7\nielsen12\output_files\h19_nielsen12_cv_a7.fit.rpt","343701","46153eef8bd0aca1e9e088775678b42e6d8d2c7f3fe0dc1be4b1473cbf827871"
"nielsen12","quartus-report","quartus13_cyclonev_a7\nielsen12\output_files\h19_nielsen12_cv_a7.map.rpt","308079","1d362046a3332e901d46bd976de050597882d095db1f717a79b5dffb3a84d3e8"
"nielsen12","quartus-report","quartus13_cyclonev_a7\nielsen12\output_files\h19_nielsen12_cv_a7.sta.rpt","165816","f1a1d4fad9436ccb545c4dee2d0a709c4369c263965e582125f6980df45d624f"
"nielsen12","quartus-report","quartus13_cyclonev_a7\nielsen12\worst_path_full.rpt","140036","24c078f4b69205343aba385fe07b6e83285b9e1d0bf3c1c239b69c739fa077a4"
"nielsen12","quartus-report-optional","quartus13_cyclonev_a7\nielsen12\output_files\h19_nielsen12_cv_a7.flow.rpt","7358","cf392ec89f4b3dd994a9e7e1376abddfd962a9b594140d90ab02544701a3f1ab"
