iy,ix,dx,dy,residual_comb_score,p_jitter,null_median,null_q95,null_q99,q_bh
0,0,0.03125,0.03125,1.141577570143309,4.999750012499375e-05,0.7922948612920946,0.8860924832560975,0.9443615514307625,0.00039998000099995
0,1,0.09375,0.03125,1.1143562085686,4.999750012499375e-05,0.7930717410016361,0.8712337827706736,0.9087196930336139,0.00039998000099995
0,2,0.15625,0.03125,1.0111840557812173,4.999750012499375e-05,0.786542231034812,0.8578166924659918,0.896865839037582,0.00039998000099995
0,3,0.21875,0.03125,1.0038059420491792,4.999750012499375e-05,0.7930024665128244,0.858433137339571,0.887121201137185,0.00039998000099995
0,4,0.28125,0.03125,0.9903283859581203,4.999750012499375e-05,0.814681445568425,0.8784949922662145,0.9063493677276678,0.00039998000099995
0,5,0.34375,0.03125,0.9402690292977511,0.0006499675016249188,0.8084379672356374,0.8753647098008788,0.9030524126450328,0.00255987200639968
0,6,0.40625,0.03125,0.925939890859078,0.0006999650017499125,0.7994023343698733,0.8680084010112292,0.8963352813598295,0.002635162359529082
0,7,0.46875,0.03125,0.9150088003498468,0.0005499725013749313,0.7869592950611539,0.852320799556662,0.8773953159737333,0.002270854199225523
0,8,0.53125,0.03125,0.8530064705114069,0.06034698265086746,0.7905839048761402,0.8567009300067462,0.8846895809159558,0.0971624374756105
0,9,0.59375,0.03125,0.8445125548720994,0.09774511274436279,0.793717511145334,0.8593624810309907,0.8856762475886428,0.1421747094463459
0,10,0.65625,0.03125,0.8484886710859505,0.11824408779561021,0.8018183357405997,0.8673558505501084,0.8934589179143027,0.1681693693093123
0,11,0.71875,0.03125,0.8275262056292894,0.20048997550122494,0.7926726517102779,0.8620437093906939,0.8913292048787228,0.2605351965904243
0,12,0.78125,0.03125,0.7955564972359169,0.4762261886905655,0.7930140744566594,0.8603200953333079,0.8876783775374335,0.5079746012699365
0,13,0.84375,0.03125,0.7925886393986027,0.392030398480076,0.781681391926125,0.847057518718072,0.8748513296349598,0.43634687830825847
0,14,0.90625,0.03125,0.8873891866925917,0.011499425028748563,0.7968772924848486,0.8629261358322274,0.8892147799015774,0.024845816532702777
0,15,0.96875,0.03125,1.04293926520999,4.999750012499375e-05,0.7991313366544177,0.8715787486927243,0.9100366941367807,0.00039998000099995
1,0,0.03125,0.09375,1.1402807323606372,4.999750012499375e-05,0.7986962012279715,0.8988147385854516,0.9592004491783557,0.00039998000099995
1,1,0.09375,0.09375,1.0931968722663685,4.999750012499375e-05,0.793431402150317,0.876793813351915,0.922036827834055,0.00039998000099995
1,2,0.15625,0.09375,1.0530700366328154,4.999750012499375e-05,0.8061853782123884,0.8793975121353258,0.9167371199941047,0.00039998000099995
1,3,0.21875,0.09375,1.0065894381501903,4.999750012499375e-05,0.7942261869193251,0.868658005752411,0.9002602220064795,0.00039998000099995
1,4,0.28125,0.09375,0.9724261459398456,9.99950002499875e-05,0.7917325182097966,0.8609159719701438,0.8914974098609565,0.0006399680015999199
1,5,0.34375,0.09375,0.8824185943841617,0.010349482525873706,0.7860730371166795,0.8540546767557379,0.883412863979691,0.023240943215997095
1,6,0.40625,0.09375,0.8783044527584151,0.010749462526873657,0.7921862691869812,0.8536485655549348,0.878957181269144,0.02372295178344531
1,7,0.46875,0.09375,0.8815435477275019,0.013299335033248337,0.790460528419457,0.8585930993451152,0.8861460999661551,0.02767991681716727
1,8,0.53125,0.09375,0.9354834040740724,0.0015999200039998,0.8124536466150143,0.8807162297616432,0.9115082935652986,0.004875946678856533
1,9,0.59375,0.09375,0.9235523287668957,0.006349682515874206,0.8206024325369423,0.887830123525095,0.9164893819143275,0.01609424479271086
1,10,0.65625,0.09375,0.8538022082534821,0.25853707314634267,0.8269054141453474,0.8968108624433206,0.927186777341208,0.3181994746416525
1,11,0.71875,0.09375,0.8806855955126786,0.07134643267836609,0.8153526335517387,0.8883333034072257,0.9168761297518435,0.11205329304086943
1,12,0.78125,0.09375,0.8266220836322176,0.2472376381180941,0.7992724695175404,0.8653601987655138,0.8915015643830112,0.30830303145036925
1,13,0.84375,0.09375,0.8893219292254658,0.008199590020498975,0.7954102360665227,0.8591515492377968,0.8860039593704102,0.019257752708694842
1,14,0.90625,0.09375,0.9666021593312938,0.00014999250037498125,0.7839759596119302,0.8510387443891618,0.8833257041861329,0.0008169804275743659
1,15,0.96875,0.09375,1.0910909029725209,4.999750012499375e-05,0.7895179585746309,0.8718713859167638,0.9256284731916568,0.00039998000099995
2,0,0.03125,0.15625,1.071307026528597,9.99950002499875e-05,0.7953690467042254,0.8877016286820947,0.9449478558237534,0.0006399680015999199
2,1,0.09375,0.15625,1.0238254353832767,0.00014999250037498125,0.7940208901579233,0.8758794739454663,0.9216747324062629,0.0008169804275743659
2,2,0.15625,0.15625,0.9814389665264494,0.00014999250037498125,0.7943186722053748,0.8701583438188594,0.9070142643141514,0.0008169804275743659
2,3,0.21875,0.15625,0.9380087711890602,0.00034998250087495624,0.7859801073822448,0.8600897702627053,0.8926049412299493,0.0015999200039998
2,4,0.28125,0.15625,0.9600936118554652,0.000199990000499975,0.8043175391544459,0.8729210377129518,0.900029622657011,0.001023948802559872
2,5,0.34375,0.15625,0.8383999259628446,0.2246887655617219,0.8085998071520544,0.8750732259945668,0.9025719901844244,0.28830558472076395
2,6,0.40625,0.15625,0.8501973896244673,0.07214639268036598,0.7915851251361123,0.8577916263011631,0.885294181606684,0.11261875930593714
2,7,0.46875,0.15625,0.8327562515562609,0.14669266536673167,0.7914616944345256,0.8560666865872919,0.8819483278498922,0.2008410217786983
2,8,0.53125,0.15625,0.8714982992712539,0.06864656767161642,0.8110890930922858,0.8777583304835427,0.9068956441326422,0.1084785266909494
2,9,0.59375,0.15625,0.9139612766513706,0.0066496675166241685,0.8129068597246419,0.8799755340785644,0.9081714460617396,0.016527328973357156
2,10,0.65625,0.15625,0.8566297127007051,0.11054447277636119,0.8093077747706199,0.8736302298673418,0.9016078919145532,0.15809712307680707
2,11,0.71875,0.15625,0.8101656736920523,0.5629218539073046,0.816399423357823,0.8815193300378479,0.9101412650324386,0.5858048560986585
2,12,0.78125,0.15625,0.8946174577369206,0.010999450027498626,0.806401622185331,0.8701960720387747,0.8961283841207631,0.024067172709740584
2,13,0.84375,0.15625,0.9223587287297575,0.0007999600019999,0.7923065420409607,0.8589681322187342,0.8862931093621508,0.0028843628241123154
2,14,0.90625,0.15625,1.026039056933845,4.999750012499375e-05,0.7903300540114548,0.8611579574871865,0.8941508547606569,0.00039998000099995
2,15,0.96875,0.15625,1.0578441596770725,9.99950002499875e-05,0.7863203568553206,0.8689419929700621,0.914591493290043,0.0006399680015999199
3,0,0.03125,0.21875,1.0525929101297546,4.999750012499375e-05,0.795266970542895,0.8725844582151048,0.9214238810177345,0.00039998000099995
3,1,0.09375,0.21875,1.0410742185678037,4.999750012499375e-05,0.7883136698451576,0.8665873103197962,0.9129958749322798,0.00039998000099995
3,2,0.15625,0.21875,0.9570560442973169,0.00024998750062496874,0.7879742061381019,0.8561800044423029,0.8899174322916679,0.0012074867954715472
3,3,0.21875,0.21875,0.9237895316858737,0.0014499275036248187,0.7961593911294151,0.863370955761652,0.8919900237342601,0.004526602938145776
3,4,0.28125,0.21875,0.8627646066961147,0.0367981600919954,0.7969006068754806,0.857421585515089,0.8818051294193838,0.06496778609345395
3,5,0.34375,0.21875,0.8141845897641313,0.24618769061546922,0.7876101009240546,0.8502916577278333,0.8754960485699943,0.30830303145036925
3,6,0.40625,0.21875,0.8580443229396494,0.0943452827358632,0.8075628215089643,0.8705549979226925,0.8977151438209835,0.1398366863266032
3,7,0.46875,0.21875,0.8739866321332355,0.040547972601369935,0.7985667110284232,0.8694025597180903,0.8992482882506495,0.06966631534195103
3,8,0.53125,0.21875,0.8869542666434408,0.041797910104494775,0.8142519858515833,0.8828396424459475,0.9111070513251933,0.07133509991167108
3,9,0.59375,0.21875,0.8474040634267933,0.2272886355682216,0.8188773190322627,0.8829039379454191,0.9100369446599557,0.2894820433107698
3,10,0.65625,0.21875,0.8119421570519995,0.46897655117244136,0.8090149020983064,0.87307172847346,0.8999396223155864,0.5023347159001882
3,11,0.71875,0.21875,0.8004514190229738,0.519974001299935,0.8024811579551165,0.8706688069485411,0.8993768879976207,0.5500551418710056
3,12,0.78125,0.21875,0.8736383612616353,0.036098195090245484,0.7995904538887868,0.8676373289755981,0.896057996205109,0.06417456904932531
3,13,0.84375,0.21875,0.9085024018788529,0.0015499225038748063,0.792003801938751,0.8562268244457506,0.8819486410912803,0.004780483867372896
3,14,0.90625,0.21875,1.0174946341334075,4.999750012499375e-05,0.806549327359973,0.8774844399961278,0.9113856921723357,0.00039998000099995
3,15,0.96875,0.21875,0.9872254542713472,0.00014999250037498125,0.7900258528225916,0.8647038535367089,0.9057409813368396,0.0008169804275743659
4,0,0.03125,0.28125,1.0731667039049972,4.999750012499375e-05,0.8010050399068023,0.8775460580156826,0.91460117078054,0.00039998000099995
4,1,0.09375,0.28125,1.000578896531463,4.999750012499375e-05,0.7868933612317238,0.8592918251627826,0.8998442706555262,0.00039998000099995
4,2,0.15625,0.28125,0.9119531610649934,0.00024998750062496874,0.7766986656575331,0.8371269933092178,0.8668924717070738,0.0012074867954715472
4,3,0.21875,0.28125,0.8557643124823451,0.020298985050747464,0.7798788806551329,0.8402477172646022,0.8669579971849882,0.03907173062399512
4,4,0.28125,0.28125,0.7921548002702458,0.4816259187040648,0.790169959186035,0.8568947530196893,0.8837056609646803,0.5116026356358531
4,5,0.34375,0.28125,0.8316477766176066,0.40132993350332485,0.8223492406555396,0.8834030799991054,0.9082772851309552,0.4428468231760826
4,6,0.40625,0.28125,0.8081378630644487,0.5299735013249337,0.8109159822381221,0.8721550126479197,0.8978770085879875,0.5560377718818976
4,7,0.46875,0.28125,0.8151502947796535,0.2664866756662167,0.7934349329319599,0.8523868060224098,0.8768180476348054,0.32641430129450466
4,8,0.53125,0.28125,0.8517293642333704,0.12909354532273387,0.8076638993312516,0.872413481188859,0.8998493390563526,0.18058987760994466
4,9,0.59375,0.28125,0.8580653410208744,0.1256937153142343,0.8141326908525344,0.8778235240981573,0.9043852851691555,0.17679995121123065
4,10,0.65625,0.28125,0.8157277392775524,0.4217289135543223,0.8082702474404546,0.8703873262515186,0.8965034831710763,0.4613786404696859
4,11,0.71875,0.28125,0.801696980371268,0.5764211789410529,0.8092085038459541,0.8748199940154935,0.9016346917749972,0.5974243797931561
4,12,0.78125,0.28125,0.857638105154859,0.09334533273336333,0.8090012278367055,0.8702022785032995,0.8961030086347178,0.1397450595306492
4,13,0.84375,0.28125,0.9343409618917854,0.000199990000499975,0.7931097220325397,0.8584418870958531,0.8843154274808415,0.001023948802559872
4,14,0.90625,0.28125,0.9485462806477315,0.0008499575021248938,0.8001146819446163,0.8731727803564228,0.9076722423038,0.003022071118666289
4,15,0.96875,0.28125,1.0364941113333321,4.999750012499375e-05,0.7871513966853243,0.8576797218344155,0.8900745894081523,0.00039998000099995
5,0,0.03125,0.34375,1.037690989679147,9.99950002499875e-05,0.8246456765807919,0.9017078828876415,0.9361399036995176,0.0006399680015999199
5,1,0.09375,0.34375,0.9497878271653931,0.0014499275036248187,0.8040521949581634,0.876414618053055,0.9118401057439257,0.004526602938145776
5,2,0.15625,0.34375,0.8939363324448388,0.025548722563871806,0.8154853878362196,0.8816067377179109,0.9104156440973583,0.04739473171268973
5,3,0.21875,0.34375,0.8382137733958742,0.1424928753562322,0.7953886430527642,0.860679124667527,0.8886359979988617,0.19825095701736653
5,4,0.28125,0.34375,0.7714005064036883,0.6591170441477926,0.7869474745817715,0.8497991414480431,0.8756446019221724,0.6722468657443622
5,5,0.34375,0.34375,0.8018569388005757,0.5227238638068097,0.8038293693131205,0.8640915359704309,0.8897370887339656,0.5506885149569682
5,6,0.40625,0.34375,0.805342984210193,0.4535273236338183,0.8009018972989432,0.8647632671937141,0.8919291084501276,0.4892259588701237
5,7,0.46875,0.34375,0.8371779760542811,0.19714014299285035,0.8040316804336349,0.867587759546038,0.893423185282672,0.25880962362138304
5,8,0.53125,0.34375,0.8169439088010062,0.34683265836708166,0.8011773929079152,0.8682135551634148,0.895501026787151,0.39995117361249055
5,9,0.59375,0.34375,0.8681333779132195,0.049647517624118793,0.8029199826355178,0.867922650923255,0.8948537016370777,0.08286338929806755
5,10,0.65625,0.34375,0.8472863778247226,0.059397030148492576,0.7888107753072079,0.8508653321957652,0.8779338008142411,0.09685120839499427
5,11,0.71875,0.34375,0.8178594951805406,0.24808759562021898,0.7934521401885624,0.8526422642202723,0.8772997470287477,0.30830303145036925
5,12,0.78125,0.34375,0.8797042816544142,0.05524723763811809,0.8216227549166624,0.8813895618214572,0.9063459963925081,0.09066213355998866
5,13,0.84375,0.34375,0.8951570477584919,0.006449677516124194,0.7992993605172911,0.8629949668959571,0.8886252161208253,0.016187425922821505
5,14,0.90625,0.34375,0.883107961472879,0.024598770061496925,0.8015196219209191,0.8697204075523103,0.8972610117723836,0.04630356717458245
5,15,0.96875,0.34375,0.991963909853625,4.999750012499375e-05,0.8040243578116375,0.8727418771442478,0.9006816033651837,0.00039998000099995
6,0,0.03125,0.40625,0.8884875003757835,0.014249287535623219,0.7948751278905144,0.8650334332205241,0.8941460415547258,0.029182540872956353
6,1,0.09375,0.40625,0.9010149119083942,0.011549422528873556,0.8107613824925615,0.875717173453867,0.9041149477438181,0.024845816532702777
6,2,0.15625,0.40625,0.8536664959324033,0.09504524773761312,0.8008653630612238,0.8670461715087763,0.8954136553842429,0.1398366863266032
6,3,0.21875,0.40625,0.8553143726218967,0.14749262536873156,0.8135808599163814,0.8792985425380406,0.9072175808194672,0.2008410217786983
6,4,0.28125,0.40625,0.8803028573290949,0.03824808759562022,0.8117710012204989,0.875058458784777,0.9009371495368202,0.06706513989369024
6,5,0.34375,0.40625,0.809284673263856,0.2748362581870906,0.7855691587391368,0.8499268334314949,0.8768847788221226,0.3334506260468967
6,6,0.40625,0.40625,0.867828101578124,0.07614619269036549,0.8120040136760349,0.8766543904094696,0.9038998830196586,0.1167270977768477
6,7,0.46875,0.40625,0.8097393725509866,0.2726363681815909,0.7877395027700913,0.8476285196105757,0.8721350903045547,0.33235671549755846
6,8,0.53125,0.40625,0.807547483685032,0.22523873806309685,0.7808635263527886,0.8375270037625053,0.8604010073078006,0.28830558472076395
6,9,0.59375,0.40625,0.8389360768269142,0.06004699765011749,0.7840112378009821,0.8420191249134942,0.8672496887036506,0.0971624374756105
6,10,0.65625,0.40625,0.799044428301098,0.2922353882305885,0.7794011716122979,0.8386323477637678,0.8647156662893596,0.3463530527177345
6,11,0.71875,0.40625,0.8173956902894202,0.2910854457277136,0.7971819113681445,0.8572698570414875,0.8820582165306456,0.3463530527177345
6,12,0.78125,0.40625,0.8466930559211515,0.09074546272686365,0.799561829721324,0.8573704931903411,0.8812376530391529,0.13746058259217217
6,13,0.84375,0.40625,0.8881449323663184,0.020298985050747464,0.8083348769950243,0.8725756241098223,0.8984139631629007,0.03907173062399512
6,14,0.90625,0.40625,0.8918342362025627,0.01584920753962302,0.8046484040745379,0.870831329592655,0.8989526575035354,0.031948008898767664
6,15,0.96875,0.40625,0.8901957108119838,0.019799010049497526,0.8009136921042055,0.8694943147301138,0.9014556586501061,0.03869119521123181
7,0,0.03125,0.46875,0.8583446887401998,0.051347432628368585,0.7968766778333878,0.8590242527083639,0.8861570532893346,0.08480608227653134
7,1,0.09375,0.46875,0.871076032915556,0.06664666766661667,0.8094924078669883,0.8765388582522783,0.9040920426291831,0.10597234113449608
7,2,0.15625,0.46875,0.8298506394210804,0.34423278836058196,0.8155840201892295,0.875294734270092,0.899234129735383,0.39874929330456554
7,3,0.21875,0.46875,0.8514222119842136,0.30443477826108695,0.8308906999182537,0.8970700591717673,0.9247933224436117,0.3542513783401739
7,4,0.28125,0.46875,0.914270736559486,0.005249737513124344,0.8112731383454653,0.8765240815523455,0.9036885751294214,0.013704365286786166
7,5,0.34375,0.46875,0.9249196519235077,0.002999850007499625,0.8119076636470292,0.8789713476442548,0.9067564654590344,0.008439138482636308
7,6,0.40625,0.46875,0.8634031440161659,0.09249537523123844,0.8123032363589353,0.8760574474806494,0.9028401571063823,0.13928715328939434
7,7,0.46875,0.46875,0.8232563362324128,0.29853507324633766,0.8025414847626754,0.8684196948398446,0.8965275678275622,0.34961539594253166
7,8,0.53125,0.46875,0.7968881966738337,0.2775361231938403,0.7752838205408201,0.8358200268598662,0.8603933044927305,0.3349963342954348
7,9,0.59375,0.46875,0.8396699964083002,0.07329633518324084,0.7878496192495448,0.8460165862568656,0.8706864268072596,0.11311241666832322
7,10,0.65625,0.46875,0.8475548425948078,0.03479826008699565,0.7738157601449944,0.8407623426936003,0.8673858622594356,0.0622961858900062
7,11,0.71875,0.46875,0.8109385111328051,0.20283985800709964,0.78075707631524,0.8414964787182921,0.8661705064415686,0.26225759419099753
7,12,0.78125,0.46875,0.8296636940489148,0.2535373231338433,0.8047820025486491,0.8663802043157331,0.8904475264364976,0.3135534044553811
7,13,0.84375,0.46875,0.8215524945885385,0.38343082845857707,0.8100502454964191,0.8745136198171253,0.9021464754626153,0.43241538363610454
7,14,0.90625,0.46875,0.8936731408791592,0.014099295035248238,0.8030453665671546,0.8715094317688,0.9003328387318082,0.029108222008254428
7,15,0.96875,0.46875,0.9159196315487419,0.007249637518124094,0.8130471307458189,0.8825037393096656,0.9114048748085792,0.017845261583074694
8,0,0.03125,0.53125,0.8584514144074299,0.09564521773911304,0.8047563070573649,0.871597463371327,0.8995793567321108,0.13991528994978822
8,1,0.09375,0.53125,0.8591217535360373,0.10294485275736213,0.8073355839612026,0.8744841796305162,0.9027678728726516,0.14889199042872717
8,2,0.15625,0.53125,0.825985764516048,0.37073146342682867,0.813120337991794,0.8779326806465753,0.9050161492917219,0.4218100206100806
8,3,0.21875,0.53125,0.8123410244848616,0.6580170991450427,0.8284282227867004,0.8948449560294195,0.9226256772767367,0.6722468657443622
8,4,0.28125,0.53125,0.8757851284089057,0.012549372531373431,0.7961445506287053,0.8550023935963417,0.8787946644618468,0.02655073857877354
8,5,0.34375,0.53125,0.895800823068548,0.0038498075096245186,0.7950941102387517,0.8560434860727356,0.8811909220912062,0.01048458215387103
8,6,0.40625,0.53125,0.8600978205569838,0.028298585070746462,0.7887004893888487,0.8505022265973713,0.8752282712864287,0.05174598412936496
8,7,0.46875,0.53125,0.8595721268993698,0.04359782010899455,0.7935394455294069,0.8573024927021936,0.8827000169559973,0.07391418508544771
8,8,0.53125,0.53125,0.7867237887691113,0.3906304684765762,0.7763160534532911,0.8388615054040724,0.8636901717819826,0.43634687830825847
8,9,0.59375,0.53125,0.840398610418761,0.15239238038098096,0.7996282440438496,0.8657863873293774,0.8935559865344784,0.20425366166246664
8,10,0.65625,0.53125,0.8478047403722188,0.03974801259937003,0.7768534890071546,0.843387952118982,0.8710809174982416,0.06875331909080222
8,11,0.71875,0.53125,0.84848380797533,0.029348532573371333,0.7764486937482695,0.8384859371825534,0.8653589766450623,0.05291003055481029
8,12,0.78125,0.53125,0.8283616532810143,0.2329883505824709,0.8007406350864299,0.8614727677901198,0.8865447376080244,0.2952723650946166
8,13,0.84375,0.53125,0.884685272627607,0.015549222538873057,0.7973723716095424,0.8634247375115253,0.8915780910373443,0.03159207119009129
8,14,0.90625,0.53125,0.8834167364214461,0.010249487525623718,0.7932438335949877,0.8564205685020622,0.8839018641695912,0.023220077934156386
8,15,0.96875,0.53125,0.9175845131556007,0.000999950002499875,0.8004479873303068,0.862267085903097,0.8879496845759061,0.0035066739813694246
9,0,0.03125,0.59375,0.8620027473878543,0.029048547572621368,0.7901368223038376,0.8525960967604277,0.877767831079664,0.05274062538007851
9,1,0.09375,0.59375,0.8702435452548118,0.06389680515974201,0.806469352582708,0.8753429665613545,0.9061367849523408,0.10223488825558721
9,2,0.15625,0.59375,0.8144125553097243,0.3945302734863257,0.8040259135718738,0.869255337427943,0.8980101916361071,0.4372283550324648
9,3,0.21875,0.59375,0.8573880312229276,0.09464526773661316,0.8040630864535623,0.8702616063130009,0.8992582695756588,0.1398366863266032
9,4,0.28125,0.59375,0.9058520929998951,0.0016999150042497876,0.7931553131057179,0.8566643407355179,0.8831952799213321,0.00511974401279936
9,5,0.34375,0.59375,0.8979167035945556,0.0019499025048747563,0.7859761269259261,0.8484954954075723,0.8753545294296465,0.005737644152275145
9,6,0.40625,0.59375,0.8803413958490754,0.008099595020248988,0.783829398072823,0.84937883198569,0.8770144842133442,0.019257752708694842
9,7,0.46875,0.59375,0.8027112336084877,0.44577771111444425,0.7976736261428892,0.8590386915336203,0.8853263188618903,0.48355548324278697
9,8,0.53125,0.59375,0.8193748258054682,0.28003599820009,0.795683081992407,0.8613635329997105,0.8899368282551188,0.3349963342954348
9,9,0.59375,0.59375,0.7956571633267457,0.2990850457477126,0.7748822486632178,0.8394853692325113,0.8644234402005073,0.34961539594253166
9,10,0.65625,0.59375,0.8167219602083037,0.2792360381980901,0.7925607117670392,0.8608405689744644,0.8897226448641716,0.3349963342954348
9,11,0.71875,0.59375,0.8394494651988168,0.1471426428678566,0.795802221231561,0.864588380115387,0.8931118311712312,0.2008410217786983
9,12,0.78125,0.59375,0.884998049964989,0.022848857557122144,0.8076055777732425,0.871305890720109,0.8981381968838977,0.04332820396017236
9,13,0.84375,0.59375,0.9756056791372738,9.99950002499875e-05,0.8044205388482801,0.8679143710262964,0.8959133227974552,0.0006399680015999199
9,14,0.90625,0.59375,0.9190400305884318,0.0011499425028748563,0.7934229267820354,0.8584300981745733,0.8855079021810718,0.003774170265845682
9,15,0.96875,0.59375,0.9248491450544835,0.0010999450027498626,0.7925886070146315,0.8574301166067522,0.8864138276627248,0.0036569600091424003
10,0,0.03125,0.65625,0.9548264260457753,0.0004999750012499375,0.8057792929045062,0.8770995340341389,0.9121864284730707,0.0020982557429505572
10,1,0.09375,0.65625,0.8561805419592416,0.07784610769461527,0.798887776164966,0.865912086063881,0.8947427331035638,0.1186226402965566
10,2,0.15625,0.65625,0.8774105426457282,0.028198590070496476,0.8045473517228161,0.8667449045302481,0.8933795386717472,0.05174598412936496
10,3,0.21875,0.65625,0.8809482361980313,0.008449577521123944,0.791779812484871,0.8532750927827031,0.8785231193220201,0.01960262347242998
10,4,0.28125,0.65625,0.9566407690652038,0.000199990000499975,0.7986245166558769,0.8659346133090216,0.8945255821790487,0.001023948802559872
10,5,0.34375,0.65625,0.9771462408321324,4.999750012499375e-05,0.8055503007236291,0.8744033500681033,0.9015304479496385,0.00039998000099995
10,6,0.40625,0.65625,0.8907915696076575,0.004449777511124443,0.7874267391947636,0.8528246033387114,0.8805770454552067,0.011743742709771727
10,7,0.46875,0.65625,0.8927906350778395,0.012499375031248438,0.8044513590958022,0.8686574004025935,0.8956559258550651,0.02655073857877354
10,8,0.53125,0.65625,0.8471273610000011,0.10764461776911155,0.7998368036972023,0.8623445205704052,0.8894414470427131,0.15481473117355368
10,9,0.59375,0.65625,0.7861684398560865,0.535723213839308,0.7894418908757167,0.8516936151419519,0.8776493823336934,0.5597760928280117
10,10,0.65625,0.65625,0.7749363907504061,0.7470126493675316,0.7993541954171601,0.861870211294155,0.8881194701154496,0.7528946387326303
10,11,0.71875,0.65625,0.8454439647392409,0.14604269786510674,0.8051351741833008,0.8678302490047587,0.8931414034952166,0.2008410217786983
10,12,0.78125,0.65625,0.8861997777102943,0.020898955052247387,0.8063200079085161,0.8703984236429367,0.8971321378403886,0.03992636189086068
10,13,0.84375,0.65625,0.9030205120883265,0.00759962001899905,0.7992478818087394,0.8680426326500006,0.8986080009369213,0.018528597379654826
10,14,0.90625,0.65625,0.9406845401555172,0.0010999450027498626,0.8028559398593944,0.8735468350810891,0.9052768234348182,0.0036569600091424003
10,15,0.96875,0.65625,0.9505551482965306,0.0006999650017499125,0.7953436351947725,0.8682336768440313,0.9029084340881267,0.002635162359529082
11,0,0.03125,0.71875,0.9749163071504379,0.0010499475026248687,0.814622274247371,0.8932952901785702,0.9310555612921564,0.003583820808959552
11,1,0.09375,0.71875,0.9838396908926793,0.0006499675016249188,0.8143320910626953,0.8908717861147603,0.9305806618099354,0.00255987200639968
11,2,0.15625,0.71875,0.9345417280637793,0.0017499125043747813,0.7926299188939983,0.862183333887379,0.8981061815425547,0.005209041873487721
11,3,0.21875,0.71875,0.909376706692659,0.0033498325083745812,0.7944470669388997,0.8598920064168364,0.8907094522052058,0.00922104432412788
11,4,0.28125,0.71875,0.9173606868377098,0.0007999600019999,0.790371418105617,0.85602536715584,0.883347370835768,0.0028843628241123154
11,5,0.34375,0.71875,0.9175361047900057,0.0006499675016249188,0.8063127038425623,0.8669043404307929,0.8916105135467062,0.00255987200639968
11,6,0.40625,0.71875,0.9252841411383926,0.0012999350032498376,0.8012074832921792,0.8702052606503131,0.898327348478207,0.004212447605467828
11,7,0.46875,0.71875,0.9015316424048544,0.007999600019999,0.7967804011069861,0.8656459942333987,0.8972966104246342,0.019257752708694842
11,8,0.53125,0.71875,0.8430168284352743,0.18304084795760212,0.8086091766292932,0.8707585414296893,0.8983320399819091,0.242789933042208
11,9,0.59375,0.71875,0.7938147793980006,0.45482725863706813,0.7894438325386768,0.8560191015092686,0.8833755205401359,0.4892259588701237
11,10,0.65625,0.71875,0.7573263431494718,0.6660666966651667,0.7728459353131074,0.8337774194449054,0.8594105931841824,0.6766391839138202
11,11,0.71875,0.71875,0.8485047965113445,0.07334633268336584,0.7956597338063339,0.8556187044278839,0.8800767108322958,0.11311241666832322
11,12,0.78125,0.71875,0.8716404475671035,0.02519874006299685,0.7970538987877727,0.8594993052146128,0.8856912012244061,0.04708669676005251
11,13,0.84375,0.71875,0.9460350139585462,0.0004999750012499375,0.7943797576148959,0.8639378475671158,0.895718970864312,0.0020982557429505572
11,14,0.90625,0.71875,0.9267006531379356,0.001399930003499825,0.7878389070324041,0.8609612248265295,0.8942809127396134,0.00447977601119944
11,15,0.96875,0.71875,1.0113666898021483,4.999750012499375e-05,0.8072421214134058,0.886361909400237,0.9234901491449573,0.00039998000099995
12,0,0.03125,0.78125,1.046706122708953,0.00014999250037498125,0.8195604256558914,0.900958892817986,0.9530338808756338,0.0008169804275743659
12,1,0.09375,0.78125,0.9801265026212711,0.0010499475026248687,0.8035935115186188,0.8865264712428632,0.9305786549174968,0.003583820808959552
12,2,0.15625,0.78125,0.9737924921061129,0.00044997750112494374,0.7930612131869146,0.8686307238768599,0.9079569573155117,0.0019524447506438236
12,3,0.21875,0.78125,0.9691517314858705,0.00014999250037498125,0.8064638843215293,0.8746745753670805,0.9055976238134471,0.0008169804275743659
12,4,0.28125,0.78125,0.9027567896834844,0.008199590020498975,0.8039906078120714,0.871511784922725,0.9004190554264632,0.019257752708694842
12,5,0.34375,0.78125,0.8937420506282211,0.008499575021248937,0.7981097715324148,0.8638937381650194,0.8913114884480304,0.01960262347242998
12,6,0.40625,0.78125,0.8732630242270498,0.010749462526873657,0.7876921145319369,0.8493797775790611,0.8740443330180341,0.02372295178344531
12,7,0.46875,0.78125,0.8523611857278924,0.039098045097745115,0.7816447611876688,0.847508069433252,0.8762710176068164,0.06808911255117517
12,8,0.53125,0.78125,0.7847756752777321,0.6902154892255388,0.8045615858993511,0.8702977654137705,0.8987662689142637,0.698399862615565
12,9,0.59375,0.78125,0.761310624843309,0.8452077396130193,0.8016943253780262,0.8691818143322488,0.8989503550236515,0.8485222797683645
12,10,0.65625,0.78125,0.7540767765525375,0.8700064996750162,0.7978423367705696,0.8631934496296001,0.8896960825926991,0.8700064996750162
12,11,0.71875,0.78125,0.83842901160642,0.1936903154842258,0.801184790754577,0.873095387264541,0.9030234582218012,0.25559134414413304
12,12,0.78125,0.78125,0.9022875309522363,0.004449777511124443,0.7940970981630584,0.8617763791727506,0.8893914731918514,0.011743742709771727
12,13,0.84375,0.78125,0.9162917357934406,0.002599870006499675,0.7951512305061674,0.862701482396444,0.8923189031585439,0.007395185796265743
12,14,0.90625,0.78125,1.013077400889518,9.99950002499875e-05,0.800539962742987,0.8731507010015956,0.9104667048180667,0.0006399680015999199
12,15,0.96875,0.78125,1.0586396812259256,4.999750012499375e-05,0.8089593109791278,0.8950177264591785,0.939499645482998,0.00039998000099995
13,0,0.03125,0.84375,1.0828849459719898,4.999750012499375e-05,0.8035982397011829,0.8919211245939583,0.9486821437896645,0.00039998000099995
13,1,0.09375,0.84375,1.028461271431506,0.00014999250037498125,0.8038500988531105,0.8888096438933312,0.9396124668955325,0.0008169804275743659
13,2,0.15625,0.84375,0.9619224802774657,0.0006999650017499125,0.7958402702685501,0.8663783580834497,0.9048355333310691,0.002635162359529082
13,3,0.21875,0.84375,0.9861047477122794,4.999750012499375e-05,0.7963332683065589,0.8718169649010525,0.9055826769104128,0.00039998000099995
13,4,0.28125,0.84375,0.9774600698357641,9.99950002499875e-05,0.8058980067853796,0.8781081759395958,0.9108192781175876,0.0006399680015999199
13,5,0.34375,0.84375,0.898599714854836,0.00599970001499925,0.7945718366390295,0.8638141297237439,0.8911306719161709,0.01535923203839808
13,6,0.40625,0.84375,0.874177544646181,0.01749912504374781,0.7923713362073447,0.8568864795845126,0.8829640261470669,0.03472694582325147
13,7,0.46875,0.84375,0.8298767609989223,0.24283785810709466,0.802480257039478,0.8652666534355201,0.8907858058989641,0.3062388752483558
13,8,0.53125,0.84375,0.7843465310016332,0.5942202889855507,0.7931426378448467,0.8558018188025058,0.8827403183137167,0.6133886854044394
13,9,0.59375,0.84375,0.7896974623461211,0.6446177691115444,0.804821176429396,0.8719071786730015,0.900487146720278,0.662739553785363
13,10,0.65625,0.84375,0.8231595688185394,0.29843507824608767,0.8016825851864389,0.8700268574077202,0.9003816489059916,0.34961539594253166
13,11,0.71875,0.84375,0.805220793104546,0.3529823508824559,0.7909478480170912,0.8549420000558822,0.8840800612778356,0.4052174072910704
13,12,0.78125,0.84375,0.8991869005157196,0.0020998950052497373,0.7921551831012741,0.8534367662413072,0.878840710449486,0.006040147430830705
13,13,0.84375,0.84375,0.9514633045316893,0.00034998250087495624,0.8003185334083288,0.8683350071938214,0.8999477767739535,0.0015999200039998
13,14,0.90625,0.84375,0.9879785930824491,0.00034998250087495624,0.8084779855749549,0.8809469643262373,0.9223892435510613,0.0015999200039998
13,15,0.96875,0.84375,1.0368038992644875,0.00039998000099995,0.8033595972487505,0.8952356085592927,0.9464280755526282,0.0017964014079997754
14,0,0.03125,0.90625,1.15209544873873,4.999750012499375e-05,0.8046361144574125,0.9049127381679283,0.9671161274492498,0.00039998000099995
14,1,0.09375,0.90625,1.053053332197216,4.999750012499375e-05,0.8086200906032477,0.8921227959281887,0.9392297101305206,0.00039998000099995
14,2,0.15625,0.90625,0.9967658908254746,9.99950002499875e-05,0.7986505684026812,0.8718617397867621,0.9098235566275145,0.0006399680015999199
14,3,0.21875,0.90625,0.9349560308053756,0.00044997750112494374,0.7926502256152348,0.8636534970442223,0.8924902725974808,0.0019524447506438236
14,4,0.28125,0.90625,0.9323620658664197,0.0007499625018749063,0.8001555621279866,0.8647717526251437,0.8920197830809928,0.0027824695721735656
14,5,0.34375,0.90625,0.8764757435626535,0.0191990400479976,0.7969235863766009,0.8603425773913466,0.8869971337756699,0.037807340402210655
14,6,0.40625,0.90625,0.8917932944883539,0.017099145042747864,0.8090188165298059,0.8736152558864569,0.8995555307807036,0.03419829008549573
14,7,0.46875,0.90625,0.8719001981061937,0.04449777511124444,0.7984108248776877,0.8692159762431084,0.9007150312831442,0.07494362123999064
14,8,0.53125,0.90625,0.8530553141392389,0.16619169041547924,0.8139630861411462,0.8812633902805748,0.9086058773199751,0.2215889205539723
14,9,0.59375,0.90625,0.819933849487338,0.38978051097445127,0.8095548921128409,0.8719799008187005,0.8980150751637258,0.43634687830825847
14,10,0.65625,0.90625,0.8237231370169892,0.3743812809359532,0.8104959231596307,0.8767122417342191,0.9026419440674724,0.4240779111486903
14,11,0.71875,0.90625,0.8025911488483045,0.4334783260836958,0.7961148838230779,0.8629392001102348,0.8919589857523506,0.4722146871379835
14,12,0.78125,0.90625,0.8286378039727399,0.15089245537723114,0.7902759453263393,0.8510924337279112,0.8759033644510169,0.20425366166246664
14,13,0.84375,0.90625,0.89238821739524,0.008649567521623918,0.7990811702408072,0.8623257121065776,0.890261236558052,0.0197704400494261
14,14,0.90625,0.90625,0.9828272197909232,0.00024998750062496874,0.8210724168739765,0.8903749151664412,0.9262906292831428,0.0012074867954715472
14,15,0.96875,0.90625,1.095655678670511,4.999750012499375e-05,0.804675657828914,0.8948534299246678,0.952396009365801,0.00039998000099995
15,0,0.03125,0.96875,1.130901531305578,4.999750012499375e-05,0.7995231820411779,0.8944951336314725,0.9552782671035399,0.00039998000099995
15,1,0.09375,0.96875,1.0456746481288062,4.999750012499375e-05,0.8040393526311433,0.8757897162234174,0.9162621673535974,0.00039998000099995
15,2,0.15625,0.96875,1.0243504246110613,4.999750012499375e-05,0.8083824807705985,0.8815240212562184,0.9123846843749579,0.00039998000099995
15,3,0.21875,0.96875,0.9774227343150783,4.999750012499375e-05,0.7922164216453549,0.8596402852899812,0.8900573114587627,0.00039998000099995
15,4,0.28125,0.96875,0.9333758735642433,0.0020998950052497373,0.8090005144245458,0.8785007771787211,0.9099125207834995,0.006040147430830705
15,5,0.34375,0.96875,0.9157507584036102,0.005299735013249337,0.8082328739211624,0.8769047526637342,0.9049368732515883,0.013704365286786166
15,6,0.40625,0.96875,0.8986135919514222,0.012999350032498375,0.8082026017014088,0.8749286285727648,0.9023215663685719,0.027277324658357246
15,7,0.46875,0.96875,0.9017989399119649,0.0038998050097495125,0.7987666213339566,0.8629899633342991,0.8908397642062561,0.010508948236798687
15,8,0.53125,0.96875,0.8996528021543503,0.0031498425078746064,0.7979047570870073,0.8589796000927243,0.8843879305942451,0.008764779152346731
15,9,0.59375,0.96875,0.8725288619537492,0.049847507624618766,0.8085987497837053,0.8724399936344801,0.8976113653501123,0.08286338929806755
15,10,0.65625,0.96875,0.8233994248808277,0.19924003799810008,0.7885686090397976,0.8564216769062833,0.8866851619047659,0.26023188636486544
15,11,0.71875,0.96875,0.8438705455880685,0.1248437578121094,0.7964033274677746,0.8639841036964979,0.8925895858755811,0.1765745966845304
15,12,0.78125,0.96875,0.7939594956898272,0.4142292885355732,0.7853762326491378,0.8503486893947795,0.8776908550565783,0.45511887495753967
15,13,0.84375,0.96875,0.8016918013949258,0.35458227088645566,0.7880219965178046,0.8479911484115291,0.8723723271770019,0.4052368810130922
15,14,0.90625,0.96875,0.814676814025442,0.151942402879856,0.7793692105240806,0.83504557020151,0.8593189377370366,0.20425366166246664
15,15,0.96875,0.96875,1.0233930283122805,4.999750012499375e-05,0.7935017642868747,0.8665358626071321,0.904726883816545,0.00039998000099995
