iy,ix,dx,dy,comb_score,p_jitter,null_median,null_q95,null_q99,q_bh
0,0,0.03125,0.03125,2.0414654351878196,4.999750012499375e-05,0.9284149471083281,1.1691969509666884,1.2897461249259488,4.999750012499375e-05
0,1,0.09375,0.03125,2.045686080812272,4.999750012499375e-05,0.9284327423230516,1.1813210794033622,1.300737922008072,4.999750012499375e-05
0,2,0.15625,0.03125,2.0446918721557386,4.999750012499375e-05,0.9322095685914822,1.1802867931720056,1.3031611482481296,4.999750012499375e-05
0,3,0.21875,0.03125,2.045430888288489,4.999750012499375e-05,0.9310732308308549,1.1772201313033415,1.2886510918126015,4.999750012499375e-05
0,4,0.28125,0.03125,2.0414031689368346,4.999750012499375e-05,0.9274307355951683,1.172416035706825,1.291209203007412,4.999750012499375e-05
0,5,0.34375,0.03125,2.0389878534488,4.999750012499375e-05,0.92773510299451,1.172126899244775,1.2895613011480338,4.999750012499375e-05
0,6,0.40625,0.03125,2.0442855155915494,4.999750012499375e-05,0.9296077604384285,1.1762520033175132,1.296497775438402,4.999750012499375e-05
0,7,0.46875,0.03125,2.0427148234876302,4.999750012499375e-05,0.9295870931086176,1.1714212421670789,1.2900541011798305,4.999750012499375e-05
0,8,0.53125,0.03125,2.0452386189254437,4.999750012499375e-05,0.9306639451434768,1.1760475058984106,1.302035064535882,4.999750012499375e-05
0,9,0.59375,0.03125,2.042751152564687,4.999750012499375e-05,0.9289184257013986,1.1776982604975328,1.2906729219435844,4.999750012499375e-05
0,10,0.65625,0.03125,2.0411845810537628,4.999750012499375e-05,0.9296191762841259,1.1765456512071284,1.2971732728001142,4.999750012499375e-05
0,11,0.71875,0.03125,2.040246869067794,4.999750012499375e-05,0.9278049330917297,1.1761268755376415,1.2935221360698728,4.999750012499375e-05
0,12,0.78125,0.03125,2.044674370953548,4.999750012499375e-05,0.929709004311577,1.1765429783693067,1.305527690658188,4.999750012499375e-05
0,13,0.84375,0.03125,2.035791728954012,4.999750012499375e-05,0.9245086226320949,1.165270024884158,1.2853102188355308,4.999750012499375e-05
0,14,0.90625,0.03125,2.0386834856385203,4.999750012499375e-05,0.9266072337966378,1.1656448592374653,1.2871989143507818,4.999750012499375e-05
0,15,0.96875,0.03125,2.035460925781785,4.999750012499375e-05,0.9246973021095315,1.1672815146989644,1.2878951186466605,4.999750012499375e-05
1,0,0.03125,0.09375,2.04383130688403,4.999750012499375e-05,0.9250857820086524,1.1727887626221691,1.2944257863821504,4.999750012499375e-05
1,1,0.09375,0.09375,2.0375158520342924,4.999750012499375e-05,0.925575250795529,1.168125961347012,1.2865070778354901,4.999750012499375e-05
1,2,0.15625,0.09375,2.0407225396244377,4.999750012499375e-05,0.9281581213911998,1.1745639322294952,1.2884300662125587,4.999750012499375e-05
1,3,0.21875,0.09375,2.0419559050939524,4.999750012499375e-05,0.9268809640084616,1.1720507507313525,1.2966538598491875,4.999750012499375e-05
1,4,0.28125,0.09375,2.0402730519191334,4.999750012499375e-05,0.9269602208139696,1.1702445098722885,1.2862243437015406,4.999750012499375e-05
1,5,0.34375,0.09375,2.038101429319413,4.999750012499375e-05,0.9245522099089336,1.1660088807510423,1.2838185763954602,4.999750012499375e-05
1,6,0.40625,0.09375,2.035615246146889,4.999750012499375e-05,0.9228200227781559,1.166424300372807,1.2887429312307692,4.999750012499375e-05
1,7,0.46875,0.09375,2.0437475135033494,4.999750012499375e-05,0.9297397270205665,1.1733647093768673,1.298890563125859,4.999750012499375e-05
1,8,0.53125,0.09375,2.0440381177838,4.999750012499375e-05,0.9298487101540363,1.1736405526796592,1.291433632217439,4.999750012499375e-05
1,9,0.59375,0.09375,2.035731078529295,4.999750012499375e-05,0.9247798010278383,1.1692530873266824,1.2945922903595655,4.999750012499375e-05
1,10,0.65625,0.09375,2.0351319836858024,4.999750012499375e-05,0.9254889836083926,1.1666464102664988,1.2889472986908985,4.999750012499375e-05
1,11,0.71875,0.09375,2.0404313550786726,4.999750012499375e-05,0.9274366904776364,1.170277053142341,1.28851181700815,4.999750012499375e-05
1,12,0.78125,0.09375,2.043550318562516,4.999750012499375e-05,0.9299984419763574,1.1720642150909377,1.2883394154678434,4.999750012499375e-05
1,13,0.84375,0.09375,2.0410138038648795,4.999750012499375e-05,0.9277246162670493,1.174191249738907,1.283456735791028,4.999750012499375e-05
1,14,0.90625,0.09375,2.0389491474372816,4.999750012499375e-05,0.9278608147969312,1.1707598726580395,1.3001420443098035,4.999750012499375e-05
1,15,0.96875,0.09375,2.042085055238869,4.999750012499375e-05,0.9262115191339462,1.1671975216711763,1.2872323210768342,4.999750012499375e-05
2,0,0.03125,0.15625,2.0454228497917244,4.999750012499375e-05,0.9269906955159315,1.1772962848427302,1.2940559331657313,4.999750012499375e-05
2,1,0.09375,0.15625,2.0401023362306745,4.999750012499375e-05,0.925425274484072,1.1703184654497711,1.289288916756932,4.999750012499375e-05
2,2,0.15625,0.15625,2.0442711762324417,4.999750012499375e-05,0.9312261038393654,1.1732966333209782,1.3008840229017997,4.999750012499375e-05
2,3,0.21875,0.15625,2.044572724979807,4.999750012499375e-05,0.9283325038152325,1.1735404643661513,1.2916911979767183,4.999750012499375e-05
2,4,0.28125,0.15625,2.0448565727362475,4.999750012499375e-05,0.9291238455195884,1.1729313969830044,1.2844167949652747,4.999750012499375e-05
2,5,0.34375,0.15625,2.042588019870792,4.999750012499375e-05,0.9259637754888705,1.1726716842704634,1.3021650705350383,4.999750012499375e-05
2,6,0.40625,0.15625,2.0377026689679836,4.999750012499375e-05,0.9268616556584741,1.168704177279829,1.2908315791301799,4.999750012499375e-05
2,7,0.46875,0.15625,2.0388294572392516,4.999750012499375e-05,0.9282932715169159,1.1672604741510133,1.2865450670279814,4.999750012499375e-05
2,8,0.53125,0.15625,2.038966498828674,4.999750012499375e-05,0.9303043837889864,1.170216080154729,1.2937394017851878,4.999750012499375e-05
2,9,0.59375,0.15625,2.0383735616799084,4.999750012499375e-05,0.9287611772373316,1.1718956632826263,1.2856147392307413,4.999750012499375e-05
2,10,0.65625,0.15625,2.0373130507239043,4.999750012499375e-05,0.9276083947566665,1.166653596129282,1.2878476449582439,4.999750012499375e-05
2,11,0.71875,0.15625,2.0390151154274103,4.999750012499375e-05,0.928092073448163,1.172105644461948,1.289660988090938,4.999750012499375e-05
2,12,0.78125,0.15625,2.0423411457083334,4.999750012499375e-05,0.9282139411986734,1.1754999644398283,1.2922811067475637,4.999750012499375e-05
2,13,0.84375,0.15625,2.0406707633153487,4.999750012499375e-05,0.9289331121960229,1.1705950140904644,1.2914442136323303,4.999750012499375e-05
2,14,0.90625,0.15625,2.042302350843899,4.999750012499375e-05,0.9271934063575648,1.1692987308472096,1.2857691588445908,4.999750012499375e-05
2,15,0.96875,0.15625,2.0393334085473467,4.999750012499375e-05,0.9245903910375564,1.1707611309291124,1.2904605175910777,4.999750012499375e-05
3,0,0.03125,0.21875,2.040702449130696,4.999750012499375e-05,0.9252281333639761,1.1716918736246662,1.2913796242355513,4.999750012499375e-05
3,1,0.09375,0.21875,2.035771985517004,4.999750012499375e-05,0.9212282288510953,1.1630619691541657,1.2800031741996496,4.999750012499375e-05
3,2,0.15625,0.21875,2.035539968154765,4.999750012499375e-05,0.9223880803688904,1.1650417790899732,1.2873298953782897,4.999750012499375e-05
3,3,0.21875,0.21875,2.0410998309240735,4.999750012499375e-05,0.9280674563300304,1.174500018184214,1.2940744204175003,4.999750012499375e-05
3,4,0.28125,0.21875,2.0376193188264753,4.999750012499375e-05,0.923683677151546,1.170605084271683,1.2981523156356367,4.999750012499375e-05
3,5,0.34375,0.21875,2.0425452333526564,4.999750012499375e-05,0.9278331312744519,1.1692314406166964,1.2887709781943766,4.999750012499375e-05
3,6,0.40625,0.21875,2.043245048295845,4.999750012499375e-05,0.9286063337688473,1.177418910113785,1.2984377666472013,4.999750012499375e-05
3,7,0.46875,0.21875,2.0414934907786644,4.999750012499375e-05,0.9299927496587637,1.1705696941950299,1.2947975378659382,4.999750012499375e-05
3,8,0.53125,0.21875,2.0375474563035523,4.999750012499375e-05,0.9264706195188614,1.1686568594306017,1.288947702375864,4.999750012499375e-05
3,9,0.59375,0.21875,2.038066245323532,4.999750012499375e-05,0.9267712308384894,1.1671762743465635,1.2952280732203774,4.999750012499375e-05
3,10,0.65625,0.21875,2.037872571963111,4.999750012499375e-05,0.9267143919432892,1.1729794504575277,1.2992564864131904,4.999750012499375e-05
3,11,0.71875,0.21875,2.0432732138579595,4.999750012499375e-05,0.9309923770246062,1.1753149930240405,1.2943372461464608,4.999750012499375e-05
3,12,0.78125,0.21875,2.0406392130932822,4.999750012499375e-05,0.9246259643869807,1.1703577776767884,1.2960927251176055,4.999750012499375e-05
3,13,0.84375,0.21875,2.04102973459756,4.999750012499375e-05,0.9262748090065951,1.1677095153503574,1.2921274651487684,4.999750012499375e-05
3,14,0.90625,0.21875,2.037712530906953,4.999750012499375e-05,0.9244611817227277,1.1701339328187845,1.291352014126639,4.999750012499375e-05
3,15,0.96875,0.21875,2.0422069319235168,4.999750012499375e-05,0.9252515314760648,1.1680683143820711,1.2849191005861478,4.999750012499375e-05
4,0,0.03125,0.28125,2.0392659155130324,4.999750012499375e-05,0.9240957760060212,1.1667087555276963,1.2861283924121727,4.999750012499375e-05
4,1,0.09375,0.28125,2.0360597565934904,4.999750012499375e-05,0.9210042008113866,1.1633184461585278,1.279092126762895,4.999750012499375e-05
4,2,0.15625,0.28125,2.0330933408382648,4.999750012499375e-05,0.920647993263426,1.162600832141227,1.281362472774543,4.999750012499375e-05
4,3,0.21875,0.28125,2.040283036048199,4.999750012499375e-05,0.9251065761868451,1.1679347870957963,1.2836384497422377,4.999750012499375e-05
4,4,0.28125,0.28125,2.0362085550989666,4.999750012499375e-05,0.9222705240507851,1.1676814897660663,1.2858243603566046,4.999750012499375e-05
4,5,0.34375,0.28125,2.041761184494959,4.999750012499375e-05,0.9276948098807085,1.1711972916101403,1.2885299268763897,4.999750012499375e-05
4,6,0.40625,0.28125,2.0447629795783007,4.999750012499375e-05,0.9278405485546413,1.1755310078347336,1.3006335568812541,4.999750012499375e-05
4,7,0.46875,0.28125,2.0338142550775395,4.999750012499375e-05,0.9206474576878918,1.162563522521184,1.2834883426652248,4.999750012499375e-05
4,8,0.53125,0.28125,2.0371779526166462,4.999750012499375e-05,0.9262265673249247,1.1642404053680517,1.29216292425225,4.999750012499375e-05
4,9,0.59375,0.28125,2.0348881445867137,4.999750012499375e-05,0.924987812706499,1.1673277446472734,1.2815255132047663,4.999750012499375e-05
4,10,0.65625,0.28125,2.03564175131728,4.999750012499375e-05,0.9248014334702006,1.166049573583961,1.2868795228960146,4.999750012499375e-05
4,11,0.71875,0.28125,2.0395721994449647,4.999750012499375e-05,0.9253975891548591,1.167868326170087,1.2919603942892957,4.999750012499375e-05
4,12,0.78125,0.28125,2.035451460705403,4.999750012499375e-05,0.9227681238494607,1.1662496002686915,1.2896913866794326,4.999750012499375e-05
4,13,0.84375,0.28125,2.04005546148985,4.999750012499375e-05,0.9268383025606457,1.169992856202462,1.3017192197174736,4.999750012499375e-05
4,14,0.90625,0.28125,2.036302773493461,4.999750012499375e-05,0.9222897370880989,1.164778216600058,1.287723529222186,4.999750012499375e-05
4,15,0.96875,0.28125,2.038307701077841,4.999750012499375e-05,0.9232745119537336,1.1671574465733396,1.2921821913696887,4.999750012499375e-05
5,0,0.03125,0.34375,2.041753975208523,4.999750012499375e-05,0.9240034575159347,1.1706092869648634,1.288704030689221,4.999750012499375e-05
5,1,0.09375,0.34375,2.0376893168242654,4.999750012499375e-05,0.92450525797049,1.1687539849860653,1.2902601934856592,4.999750012499375e-05
5,2,0.15625,0.34375,2.037662327905701,4.999750012499375e-05,0.9237238099439298,1.164126144057099,1.2815886845265694,4.999750012499375e-05
5,3,0.21875,0.34375,2.038280390588567,4.999750012499375e-05,0.9244589667473452,1.1658939811750628,1.2866629079768064,4.999750012499375e-05
5,4,0.28125,0.34375,2.040681546412588,4.999750012499375e-05,0.9236417460134707,1.1695185893994078,1.2921574925530601,4.999750012499375e-05
5,5,0.34375,0.34375,2.046525552302326,4.999750012499375e-05,0.9312148325825529,1.1742973722272638,1.3013122732381839,4.999750012499375e-05
5,6,0.40625,0.34375,2.0435252306115848,4.999750012499375e-05,0.9264789313089166,1.1688156580321614,1.2868563781345699,4.999750012499375e-05
5,7,0.46875,0.34375,2.044468608582624,4.999750012499375e-05,0.9264649346352323,1.1701452552163178,1.289243293458427,4.999750012499375e-05
5,8,0.53125,0.34375,2.036269528187273,4.999750012499375e-05,0.9237780566273787,1.1667366789221398,1.2780293992338696,4.999750012499375e-05
5,9,0.59375,0.34375,2.0426347544061376,4.999750012499375e-05,0.9300120329053834,1.1725666552399154,1.2898755889302047,4.999750012499375e-05
5,10,0.65625,0.34375,2.0363949747881285,4.999750012499375e-05,0.9259631710742613,1.1706358727539465,1.2902610411302655,4.999750012499375e-05
5,11,0.71875,0.34375,2.034868374325375,4.999750012499375e-05,0.9233703897937693,1.1684107277274782,1.287527575624058,4.999750012499375e-05
5,12,0.78125,0.34375,2.0381677450952833,4.999750012499375e-05,0.9264330558152382,1.1683796673941913,1.2901007578999368,4.999750012499375e-05
5,13,0.84375,0.34375,2.0402736827521757,4.999750012499375e-05,0.9241549653679555,1.1681156253823832,1.2965761408937921,4.999750012499375e-05
5,14,0.90625,0.34375,2.0372889294869667,4.999750012499375e-05,0.9275054125896876,1.1709978859179935,1.288419282952518,4.999750012499375e-05
5,15,0.96875,0.34375,2.037819533541462,4.999750012499375e-05,0.9239483903322159,1.1680243134666357,1.2919877222475484,4.999750012499375e-05
6,0,0.03125,0.40625,2.041524870093901,4.999750012499375e-05,0.9248999094659925,1.169686802069578,1.2842272905583108,4.999750012499375e-05
6,1,0.09375,0.40625,2.0409584885682985,4.999750012499375e-05,0.9250636067259774,1.1711258722865292,1.2866875296934492,4.999750012499375e-05
6,2,0.15625,0.40625,2.0371280030872723,4.999750012499375e-05,0.9236636469017239,1.163582747084645,1.2826556836795944,4.999750012499375e-05
6,3,0.21875,0.40625,2.039579659846025,4.999750012499375e-05,0.925333893062978,1.1696154805860601,1.2940927032001828,4.999750012499375e-05
6,4,0.28125,0.40625,2.041936520541608,4.999750012499375e-05,0.9259178899922138,1.171918582550612,1.2879633222354034,4.999750012499375e-05
6,5,0.34375,0.40625,2.0443082922820133,4.999750012499375e-05,0.9272892007752549,1.1723659412419911,1.2934376702869443,4.999750012499375e-05
6,6,0.40625,0.40625,2.0432562573896877,4.999750012499375e-05,0.925238279504436,1.1725696226511444,1.296150844362967,4.999750012499375e-05
6,7,0.46875,0.40625,2.039109080713478,4.999750012499375e-05,0.9223888463049021,1.1641752600099486,1.278944645798671,4.999750012499375e-05
6,8,0.53125,0.40625,2.038271667201376,4.999750012499375e-05,0.9248686938457096,1.1712172722721117,1.2906854429161083,4.999750012499375e-05
6,9,0.59375,0.40625,2.0444534536957932,4.999750012499375e-05,0.9284140382880697,1.176013151476135,1.2969105877911755,4.999750012499375e-05
6,10,0.65625,0.40625,2.04321008007164,4.999750012499375e-05,0.9277150381517707,1.1756440425119459,1.2952410613022503,4.999750012499375e-05
6,11,0.71875,0.40625,2.0372082059090717,4.999750012499375e-05,0.9242746300269848,1.1705180424525041,1.2950065331197569,4.999750012499375e-05
6,12,0.78125,0.40625,2.037457832946233,4.999750012499375e-05,0.9249441256023097,1.1703828805440313,1.2832364625308272,4.999750012499375e-05
6,13,0.84375,0.40625,2.037823457072192,4.999750012499375e-05,0.9250421614465149,1.1711071030069897,1.2895813287255946,4.999750012499375e-05
6,14,0.90625,0.40625,2.0419672720705955,4.999750012499375e-05,0.924657822319995,1.170950488198075,1.2864749024874296,4.999750012499375e-05
6,15,0.96875,0.40625,2.039368084097856,4.999750012499375e-05,0.9248433774291582,1.1693571602272672,1.2932342041422387,4.999750012499375e-05
7,0,0.03125,0.46875,2.0459737677927583,4.999750012499375e-05,0.9273696453513605,1.1669343560904173,1.2829837112288152,4.999750012499375e-05
7,1,0.09375,0.46875,2.044056886589341,4.999750012499375e-05,0.9288875969989141,1.173605272730102,1.2985516076180208,4.999750012499375e-05
7,2,0.15625,0.46875,2.0409374059877075,4.999750012499375e-05,0.9236222771823792,1.1688245433547,1.2960040787141438,4.999750012499375e-05
7,3,0.21875,0.46875,2.0394356602067925,4.999750012499375e-05,0.9246983140794507,1.1670479732711492,1.2868855029900208,4.999750012499375e-05
7,4,0.28125,0.46875,2.040603144802295,4.999750012499375e-05,0.9251003601296499,1.1675108485625294,1.2883438931030644,4.999750012499375e-05
7,5,0.34375,0.46875,2.0421169778351387,4.999750012499375e-05,0.925533330592301,1.1706971137112767,1.2904473767369207,4.999750012499375e-05
7,6,0.40625,0.46875,2.043574047222725,4.999750012499375e-05,0.9258200754664753,1.1733071485611686,1.2989676591577117,4.999750012499375e-05
7,7,0.46875,0.46875,2.039781166074437,4.999750012499375e-05,0.9222474270331289,1.1688881378019031,1.2877854198024459,4.999750012499375e-05
7,8,0.53125,0.46875,2.037442583535595,4.999750012499375e-05,0.9239006781906387,1.1692380713312815,1.283891908607727,4.999750012499375e-05
7,9,0.59375,0.46875,2.0407355956262117,4.999750012499375e-05,0.925057210585137,1.1685851129864493,1.2862390087504467,4.999750012499375e-05
7,10,0.65625,0.46875,2.044816740197682,4.999750012499375e-05,0.9282866559178121,1.1717930005830015,1.2959717133554,4.999750012499375e-05
7,11,0.71875,0.46875,2.0345489285777902,4.999750012499375e-05,0.9214113708379332,1.1655356989308907,1.2903316613963014,4.999750012499375e-05
7,12,0.78125,0.46875,2.0428115517599306,4.999750012499375e-05,0.9276800359680333,1.1663638110015644,1.288118712253025,4.999750012499375e-05
7,13,0.84375,0.46875,2.0411064959996073,4.999750012499375e-05,0.9265253896255294,1.1689775699817846,1.2920395027093214,4.999750012499375e-05
7,14,0.90625,0.46875,2.037039724309897,4.999750012499375e-05,0.9239600825290062,1.1717641318839669,1.284595476242892,4.999750012499375e-05
7,15,0.96875,0.46875,2.0433108489952696,4.999750012499375e-05,0.9305811706462574,1.1714950112364122,1.2876063924086685,4.999750012499375e-05
8,0,0.03125,0.53125,2.043196447774974,4.999750012499375e-05,0.9297475615022615,1.1736376540709257,1.2865795881372097,4.999750012499375e-05
8,1,0.09375,0.53125,2.045397527067614,4.999750012499375e-05,0.9299718993361261,1.1733519849383645,1.29263620019103,4.999750012499375e-05
8,2,0.15625,0.53125,2.0467908010485063,4.999750012499375e-05,0.9304397206167107,1.1726222086033389,1.2894772796817964,4.999750012499375e-05
8,3,0.21875,0.53125,2.0389411570765197,4.999750012499375e-05,0.9237505363578344,1.1700326900658187,1.28934135165905,4.999750012499375e-05
8,4,0.28125,0.53125,2.0412132772615443,4.999750012499375e-05,0.9259833043110384,1.1741035581927766,1.2896375157018214,4.999750012499375e-05
8,5,0.34375,0.53125,2.043225381399104,4.999750012499375e-05,0.9269440955154074,1.1699014012306197,1.3033724782154938,4.999750012499375e-05
8,6,0.40625,0.53125,2.042143746469026,4.999750012499375e-05,0.925852543939026,1.1700781056948595,1.2936694860592668,4.999750012499375e-05
8,7,0.46875,0.53125,2.0476761987781935,4.999750012499375e-05,0.9285217097929519,1.1706899221584466,1.2911731929680323,4.999750012499375e-05
8,8,0.53125,0.53125,2.0448761047281305,4.999750012499375e-05,0.9274476046051277,1.1719290779274758,1.285997410006534,4.999750012499375e-05
8,9,0.59375,0.53125,2.041938176842642,4.999750012499375e-05,0.9231647869441884,1.17116470321229,1.2896921182008556,4.999750012499375e-05
8,10,0.65625,0.53125,2.041128114168217,4.999750012499375e-05,0.9255951431049205,1.1678530290514022,1.2889460342200696,4.999750012499375e-05
8,11,0.71875,0.53125,2.0390882302787454,4.999750012499375e-05,0.924373837644823,1.1729553003649487,1.2955589970012646,4.999750012499375e-05
8,12,0.78125,0.53125,2.039389008959422,4.999750012499375e-05,0.9246664454847986,1.1686866211555882,1.2892276581284599,4.999750012499375e-05
8,13,0.84375,0.53125,2.0409032447111985,4.999750012499375e-05,0.9257781634947194,1.1717909966996896,1.2939559453507383,4.999750012499375e-05
8,14,0.90625,0.53125,2.0381243985632325,4.999750012499375e-05,0.9271558520924963,1.1659670803146587,1.2814924907775376,4.999750012499375e-05
8,15,0.96875,0.53125,2.038734173533006,4.999750012499375e-05,0.9243243855522048,1.1640227100171376,1.2811013989652218,4.999750012499375e-05
9,0,0.03125,0.59375,2.047968093387986,4.999750012499375e-05,0.9310884987478429,1.1770675973404092,1.297074260691748,4.999750012499375e-05
9,1,0.09375,0.59375,2.048206526947289,4.999750012499375e-05,0.9311412478311292,1.1768425654842758,1.2948383492721456,4.999750012499375e-05
9,2,0.15625,0.59375,2.048955909663168,4.999750012499375e-05,0.9326723772389391,1.180599798123256,1.3020654920905195,4.999750012499375e-05
9,3,0.21875,0.59375,2.043846838548375,4.999750012499375e-05,0.9273048446031542,1.1719394106207845,1.2913736618060987,4.999750012499375e-05
9,4,0.28125,0.59375,2.0413537883431565,4.999750012499375e-05,0.9271118481773224,1.1725913136438892,1.2950118217848858,4.999750012499375e-05
9,5,0.34375,0.59375,2.0472566089515047,4.999750012499375e-05,0.9295360148944618,1.1737408409520034,1.3014672076581915,4.999750012499375e-05
9,6,0.40625,0.59375,2.0482887237537066,4.999750012499375e-05,0.9285654172859109,1.1694843891194018,1.2872057494072366,4.999750012499375e-05
9,7,0.46875,0.59375,2.0482713560824033,4.999750012499375e-05,0.9293906244911476,1.1718865672127134,1.2913509871973277,4.999750012499375e-05
9,8,0.53125,0.59375,2.041257999379617,4.999750012499375e-05,0.9267731708812723,1.1680432409253556,1.2892969071438074,4.999750012499375e-05
9,9,0.59375,0.59375,2.041647248682299,4.999750012499375e-05,0.9283873570508252,1.1766951158841892,1.2877392741073188,4.999750012499375e-05
9,10,0.65625,0.59375,2.0396441382237858,4.999750012499375e-05,0.9269104014957699,1.168648065399316,1.2910636464484777,4.999750012499375e-05
9,11,0.71875,0.59375,2.033968344649973,4.999750012499375e-05,0.9201625521527836,1.167795897603021,1.2967261448380234,4.999750012499375e-05
9,12,0.78125,0.59375,2.040603166023241,4.999750012499375e-05,0.9245988102496179,1.1705983189473803,1.2949622052593919,4.999750012499375e-05
9,13,0.84375,0.59375,2.042550263902252,4.999750012499375e-05,0.9266043147199978,1.1711003268012945,1.2856604598854704,4.999750012499375e-05
9,14,0.90625,0.59375,2.037072050335918,4.999750012499375e-05,0.9261440862369372,1.1702210825992305,1.2921568746192615,4.999750012499375e-05
9,15,0.96875,0.59375,2.0397014722944244,4.999750012499375e-05,0.9247798217135645,1.169861436357167,1.2903774691968641,4.999750012499375e-05
10,0,0.03125,0.65625,2.0499479665480305,4.999750012499375e-05,0.933057088250905,1.179267954327185,1.29688657574456,4.999750012499375e-05
10,1,0.09375,0.65625,2.050622900090961,4.999750012499375e-05,0.9320335890743756,1.177329361819708,1.3013328316355497,4.999750012499375e-05
10,2,0.15625,0.65625,2.0457508540580522,4.999750012499375e-05,0.9291998755126119,1.1736281972491522,1.2892375841200918,4.999750012499375e-05
10,3,0.21875,0.65625,2.0449974510391407,4.999750012499375e-05,0.9298454475900738,1.165909480711142,1.2799556730589823,4.999750012499375e-05
10,4,0.28125,0.65625,2.0448576575461606,4.999750012499375e-05,0.9277982232382402,1.1718958085055737,1.2919679922307907,4.999750012499375e-05
10,5,0.34375,0.65625,2.047213247796868,4.999750012499375e-05,0.9300460025334056,1.1763575665530517,1.2998293856891967,4.999750012499375e-05
10,6,0.40625,0.65625,2.0441285209474587,4.999750012499375e-05,0.9282215292428426,1.1747094206310125,1.2951836139475805,4.999750012499375e-05
10,7,0.46875,0.65625,2.042775249736151,4.999750012499375e-05,0.9262978348411821,1.1722361516663653,1.291277101570807,4.999750012499375e-05
10,8,0.53125,0.65625,2.0382357242262095,4.999750012499375e-05,0.9207760124270162,1.1669547848693937,1.288324727877496,4.999750012499375e-05
10,9,0.59375,0.65625,2.040077659827298,4.999750012499375e-05,0.9245596152809903,1.165781198509578,1.286798731656727,4.999750012499375e-05
10,10,0.65625,0.65625,2.0387942951607676,4.999750012499375e-05,0.9249678796208947,1.169494340481925,1.2884468702185796,4.999750012499375e-05
10,11,0.71875,0.65625,2.037046317416267,4.999750012499375e-05,0.9241847572853406,1.1680609508148614,1.2851504054074643,4.999750012499375e-05
10,12,0.78125,0.65625,2.0423949874345944,4.999750012499375e-05,0.9282122953636012,1.1722534928632522,1.2939070378012119,4.999750012499375e-05
10,13,0.84375,0.65625,2.0459259515574852,4.999750012499375e-05,0.9292900889312325,1.1713375971642774,1.2949409923415818,4.999750012499375e-05
10,14,0.90625,0.65625,2.0426191262222715,4.999750012499375e-05,0.9274525408857452,1.1703581486496064,1.2914100987778239,4.999750012499375e-05
10,15,0.96875,0.65625,2.0413783857571963,4.999750012499375e-05,0.9271063473149708,1.1705967492643126,1.2940920160218399,4.999750012499375e-05
11,0,0.03125,0.71875,2.04187294428521,4.999750012499375e-05,0.9238131079223896,1.17050806967517,1.2909336768546884,4.999750012499375e-05
11,1,0.09375,0.71875,2.0459422137496164,4.999750012499375e-05,0.9328220458260919,1.1791173083808981,1.301109343522818,4.999750012499375e-05
11,2,0.15625,0.71875,2.041983039383077,4.999750012499375e-05,0.9275765491391573,1.1680225044381185,1.2923809619924143,4.999750012499375e-05
11,3,0.21875,0.71875,2.043471536514799,4.999750012499375e-05,0.92926505266071,1.1712749309561024,1.2892143291989973,4.999750012499375e-05
11,4,0.28125,0.71875,2.0446084291545867,4.999750012499375e-05,0.9302644099268289,1.176168445791057,1.3002601159790663,4.999750012499375e-05
11,5,0.34375,0.71875,2.0421583140771196,4.999750012499375e-05,0.9281453929248021,1.1728525160590917,1.292590608907364,4.999750012499375e-05
11,6,0.40625,0.71875,2.0412161452764184,4.999750012499375e-05,0.9293487156729698,1.1730876233644671,1.2867932086397846,4.999750012499375e-05
11,7,0.46875,0.71875,2.043127829215343,4.999750012499375e-05,0.9307573707781878,1.1792395410160474,1.297310858069995,4.999750012499375e-05
11,8,0.53125,0.71875,2.0379184359318008,4.999750012499375e-05,0.9235005109593821,1.1673797852580365,1.2818421393149337,4.999750012499375e-05
11,9,0.59375,0.71875,2.0359627021653695,4.999750012499375e-05,0.925086008573067,1.1678910496575512,1.291173279496252,4.999750012499375e-05
11,10,0.65625,0.71875,2.03783970714927,4.999750012499375e-05,0.9246032185914417,1.1670604065792296,1.2825471164361166,4.999750012499375e-05
11,11,0.71875,0.71875,2.0428400578092467,4.999750012499375e-05,0.9280110319245976,1.1697564218416006,1.291307647624587,4.999750012499375e-05
11,12,0.78125,0.71875,2.038531538882077,4.999750012499375e-05,0.9276979462602196,1.1711259113972219,1.2905081710270152,4.999750012499375e-05
11,13,0.84375,0.71875,2.044451383504988,4.999750012499375e-05,0.9294721929804787,1.1736338633128667,1.2995780699393809,4.999750012499375e-05
11,14,0.90625,0.71875,2.0494297094878653,4.999750012499375e-05,0.9319449379243097,1.1816710182401184,1.3010859846324285,4.999750012499375e-05
11,15,0.96875,0.71875,2.0427171292604545,4.999750012499375e-05,0.9259074573792925,1.1707197991454128,1.284751695148268,4.999750012499375e-05
12,0,0.03125,0.78125,2.0422499901854034,4.999750012499375e-05,0.9271813836038572,1.1680806520931166,1.2846157035092183,4.999750012499375e-05
12,1,0.09375,0.78125,2.0422966706675063,4.999750012499375e-05,0.9279774280056555,1.1702304599618671,1.291974387556995,4.999750012499375e-05
12,2,0.15625,0.78125,2.045296658941275,4.999750012499375e-05,0.9279988525684111,1.1673912899335088,1.293673723221757,4.999750012499375e-05
12,3,0.21875,0.78125,2.0410002441740214,4.999750012499375e-05,0.9287718088516672,1.1749498021834097,1.289453441846364,4.999750012499375e-05
12,4,0.28125,0.78125,2.0407586333877696,4.999750012499375e-05,0.926759026161114,1.1696837981874815,1.2893346912433292,4.999750012499375e-05
12,5,0.34375,0.78125,2.035767253239335,4.999750012499375e-05,0.9261739623899479,1.1704465724997426,1.2860241488652906,4.999750012499375e-05
12,6,0.40625,0.78125,2.0355773118389964,4.999750012499375e-05,0.9250412231539702,1.1689505537111022,1.2859864394818592,4.999750012499375e-05
12,7,0.46875,0.78125,2.04283019344513,4.999750012499375e-05,0.9304654897821025,1.169517124900103,1.2918599461580318,4.999750012499375e-05
12,8,0.53125,0.78125,2.038859145888578,4.999750012499375e-05,0.9280244034596264,1.1731274613126224,1.2915646277442223,4.999750012499375e-05
12,9,0.59375,0.78125,2.035086476631824,4.999750012499375e-05,0.9245625254558467,1.1637637195677386,1.2819365577003983,4.999750012499375e-05
12,10,0.65625,0.78125,2.0382823064572313,4.999750012499375e-05,0.9268977984466179,1.1659009119244221,1.288065167962753,4.999750012499375e-05
12,11,0.71875,0.78125,2.040305981194152,4.999750012499375e-05,0.9246653983019644,1.1675234324080255,1.2905829097639385,4.999750012499375e-05
12,12,0.78125,0.78125,2.041512422173892,4.999750012499375e-05,0.9280279714364057,1.1737687988316212,1.2992156805603732,4.999750012499375e-05
12,13,0.84375,0.78125,2.0388943385916387,4.999750012499375e-05,0.9232801638743721,1.1692215280307965,1.281187877240756,4.999750012499375e-05
12,14,0.90625,0.78125,2.0443479003345564,4.999750012499375e-05,0.9288407275076408,1.170970192167378,1.290686364806309,4.999750012499375e-05
12,15,0.96875,0.78125,2.0447695909668218,4.999750012499375e-05,0.9297277541844688,1.1751057703453984,1.2864196649881723,4.999750012499375e-05
13,0,0.03125,0.84375,2.047316395899475,4.999750012499375e-05,0.9275917127530104,1.1670299338009966,1.2953275260226642,4.999750012499375e-05
13,1,0.09375,0.84375,2.0425027297864187,4.999750012499375e-05,0.9281265365967009,1.1715756171442164,1.283358231060876,4.999750012499375e-05
13,2,0.15625,0.84375,2.0394932043867304,4.999750012499375e-05,0.9257700000623159,1.163850537869469,1.2839737397622317,4.999750012499375e-05
13,3,0.21875,0.84375,2.040327274012616,4.999750012499375e-05,0.9284845207165732,1.1684996322310939,1.284039177189744,4.999750012499375e-05
13,4,0.28125,0.84375,2.0388165808583634,4.999750012499375e-05,0.9271380256202841,1.168660785536582,1.2872908067226498,4.999750012499375e-05
13,5,0.34375,0.84375,2.036897792268302,4.999750012499375e-05,0.9274616471417676,1.1727337252655223,1.2977191251669074,4.999750012499375e-05
13,6,0.40625,0.84375,2.0415291904155652,4.999750012499375e-05,0.9299155007093326,1.1769793618424371,1.2942535000147382,4.999750012499375e-05
13,7,0.46875,0.84375,2.039337548024995,4.999750012499375e-05,0.9294325472289336,1.172053586430836,1.2903743543967257,4.999750012499375e-05
13,8,0.53125,0.84375,2.0405657223573512,4.999750012499375e-05,0.9318905156862111,1.178561368680303,1.2945325763204847,4.999750012499375e-05
13,9,0.59375,0.84375,2.038202319477898,4.999750012499375e-05,0.9249842490794318,1.171041632460337,1.2884307625066644,4.999750012499375e-05
13,10,0.65625,0.84375,2.0396031772601053,4.999750012499375e-05,0.9266996020704629,1.168613096145523,1.2912246196516297,4.999750012499375e-05
13,11,0.71875,0.84375,2.04125365995611,4.999750012499375e-05,0.9275607469799114,1.1734055620840338,1.29219665039016,4.999750012499375e-05
13,12,0.78125,0.84375,2.0365922416467117,4.999750012499375e-05,0.9247873934174993,1.1686584214598166,1.288227089025071,4.999750012499375e-05
13,13,0.84375,0.84375,2.042662076143546,4.999750012499375e-05,0.9293569152601657,1.1700759708246609,1.288586724485884,4.999750012499375e-05
13,14,0.90625,0.84375,2.042935306160201,4.999750012499375e-05,0.927371028666303,1.1691921578173075,1.2887478691551275,4.999750012499375e-05
13,15,0.96875,0.84375,2.047955602351775,4.999750012499375e-05,0.9298389470086879,1.1804471107070524,1.3022753735591124,4.999750012499375e-05
14,0,0.03125,0.90625,2.047605865065537,4.999750012499375e-05,0.9276940288217,1.1728201504751123,1.2877780114695376,4.999750012499375e-05
14,1,0.09375,0.90625,2.049946685170125,4.999750012499375e-05,0.9312697330139137,1.176180140657318,1.2914908782484922,4.999750012499375e-05
14,2,0.15625,0.90625,2.042333674841799,4.999750012499375e-05,0.9279071050210085,1.1705268873380927,1.2908580930938252,4.999750012499375e-05
14,3,0.21875,0.90625,2.0437748606148247,4.999750012499375e-05,0.9317453571388121,1.1714928880483797,1.3002833495968453,4.999750012499375e-05
14,4,0.28125,0.90625,2.0401719422970177,4.999750012499375e-05,0.9294800443341575,1.1723959059712883,1.2944934505021404,4.999750012499375e-05
14,5,0.34375,0.90625,2.0421614150756033,4.999750012499375e-05,0.9289770884943769,1.1712496100081815,1.2889248075105704,4.999750012499375e-05
14,6,0.40625,0.90625,2.039794483297107,4.999750012499375e-05,0.929750369311813,1.1700601092951153,1.2898701962815555,4.999750012499375e-05
14,7,0.46875,0.90625,2.0481625279749887,4.999750012499375e-05,0.9313015255249928,1.1784952235195092,1.3011180429025322,4.999750012499375e-05
14,8,0.53125,0.90625,2.0447222812805412,4.999750012499375e-05,0.9285800303931792,1.1694284250639657,1.289124286805889,4.999750012499375e-05
14,9,0.59375,0.90625,2.045007313901461,4.999750012499375e-05,0.9301111456016432,1.1724449758584172,1.3003854089179294,4.999750012499375e-05
14,10,0.65625,0.90625,2.040680386153108,4.999750012499375e-05,0.9272756606660957,1.172912607716278,1.295057166023638,4.999750012499375e-05
14,11,0.71875,0.90625,2.039231467555181,4.999750012499375e-05,0.9275832919902037,1.1706881088064751,1.2838337325030447,4.999750012499375e-05
14,12,0.78125,0.90625,2.039923923185181,4.999750012499375e-05,0.9292291420022981,1.176257488573753,1.2935852929512601,4.999750012499375e-05
14,13,0.84375,0.90625,2.0413869862270313,4.999750012499375e-05,0.9290599165342597,1.1723013909674351,1.2882439673545507,4.999750012499375e-05
14,14,0.90625,0.90625,2.04531461834581,4.999750012499375e-05,0.9290204078025006,1.1702698012476054,1.2920090455883766,4.999750012499375e-05
14,15,0.96875,0.90625,2.0498806785664505,4.999750012499375e-05,0.9323036696840642,1.176837868668468,1.300680776498837,4.999750012499375e-05
15,0,0.03125,0.96875,2.049652478676555,4.999750012499375e-05,0.9323240092364511,1.178481833370093,1.2922856727854914,4.999750012499375e-05
15,1,0.09375,0.96875,2.050277611377706,4.999750012499375e-05,0.932534539597061,1.1780196241884167,1.2937446102147385,4.999750012499375e-05
15,2,0.15625,0.96875,2.048636151177908,4.999750012499375e-05,0.929402304373038,1.1737850813905315,1.2946978809502687,4.999750012499375e-05
15,3,0.21875,0.96875,2.0455351789110394,4.999750012499375e-05,0.9321827000631263,1.1752732357722004,1.2870558349944552,4.999750012499375e-05
15,4,0.28125,0.96875,2.0463736636070893,4.999750012499375e-05,0.9321565599995276,1.176104362133619,1.298414875039204,4.999750012499375e-05
15,5,0.34375,0.96875,2.041955911279978,4.999750012499375e-05,0.9300004640940436,1.1706228323304646,1.2912554568049828,4.999750012499375e-05
15,6,0.40625,0.96875,2.041191969152161,4.999750012499375e-05,0.9295060122412602,1.1728140207251938,1.2891447408484744,4.999750012499375e-05
15,7,0.46875,0.96875,2.0410044268244634,4.999750012499375e-05,0.9283097816076638,1.1736188976453459,1.2852597378291235,4.999750012499375e-05
15,8,0.53125,0.96875,2.0461684586489493,4.999750012499375e-05,0.9315459950454622,1.1772597457903442,1.2999387796216162,4.999750012499375e-05
15,9,0.59375,0.96875,2.045531328784569,4.999750012499375e-05,0.9299180404949268,1.173056173820558,1.2990320334101197,4.999750012499375e-05
15,10,0.65625,0.96875,2.041634426970163,4.999750012499375e-05,0.9293926145407587,1.1768076202869742,1.29594118238925,4.999750012499375e-05
15,11,0.71875,0.96875,2.041099998374657,4.999750012499375e-05,0.9282152308446745,1.1667951851311693,1.2981074363005665,4.999750012499375e-05
15,12,0.78125,0.96875,2.041986060743053,4.999750012499375e-05,0.9283855061636734,1.1714654101244906,1.2904854135231383,4.999750012499375e-05
15,13,0.84375,0.96875,2.038632664874981,4.999750012499375e-05,0.9262133097154635,1.1697924010413931,1.2854882564839087,4.999750012499375e-05
15,14,0.90625,0.96875,2.042491308414187,4.999750012499375e-05,0.9301122807153548,1.1724324745360213,1.2962514706185708,4.999750012499375e-05
15,15,0.96875,0.96875,2.037371641971625,4.999750012499375e-05,0.9264305176818148,1.1663640855798456,1.2857055885835942,4.999750012499375e-05
